{
  "config": {
    "seeds": 16,
    "T": 8000
  },
  "xi": {
    "0.0": {
      "in_regime_MSE": {
        "mean": 0.0266198171289156,
        "sd": 0.024516273463412376
      },
      "worst_do_MSE": {
        "mean": 0.22614595491534564,
        "sd": 0.26123140984751636
      },
      "label": "xi=0.0"
    },
    "0.5": {
      "in_regime_MSE": {
        "mean": 0.026440391480251076,
        "sd": 0.024828102005633602
      },
      "worst_do_MSE": {
        "mean": 0.11460237512568547,
        "sd": 0.10471614320473732
      },
      "label": "xi=0.5"
    },
    "1.0": {
      "in_regime_MSE": {
        "mean": 0.027065745896830078,
        "sd": 0.025194289207620884
      },
      "worst_do_MSE": {
        "mean": 0.08973083796778189,
        "sd": 0.07793280612082212
      },
      "label": "xi=1.0"
    },
    "2.0": {
      "in_regime_MSE": {
        "mean": 0.028778461796271457,
        "sd": 0.02595664009880598
      },
      "worst_do_MSE": {
        "mean": 0.07776334650589631,
        "sd": 0.06702996613291498
      },
      "label": "xi=2.0"
    },
    "4.0": {
      "in_regime_MSE": {
        "mean": 0.03230155500105355,
        "sd": 0.027793827246309195
      },
      "worst_do_MSE": {
        "mean": 0.07644147641436204,
        "sd": 0.06863652460103696
      },
      "label": "xi=4.0"
    },
    "8.0": {
      "in_regime_MSE": {
        "mean": 0.037892126779860515,
        "sd": 0.031306078488806593
      },
      "worst_do_MSE": {
        "mean": 0.08358510032047015,
        "sd": 0.08065574123002349
      },
      "label": "xi=8.0"
    },
    "16.0": {
      "in_regime_MSE": {
        "mean": 0.045143082993358175,
        "sd": 0.0354610750743237
      },
      "worst_do_MSE": {
        "mean": 0.09633399955196054,
        "sd": 0.09919117066638922
      },
      "label": "xi=16.0"
    },
    "32.0": {
      "in_regime_MSE": {
        "mean": 0.05334041450569432,
        "sd": 0.03933643080369373
      },
      "worst_do_MSE": {
        "mean": 0.10920059563722086,
        "sd": 0.12117003253176742
      },
      "label": "xi=32.0"
    },
    "64.0": {
      "in_regime_MSE": {
        "mean": 0.06092589411891899,
        "sd": 0.04330731009881084
      },
      "worst_do_MSE": {
        "mean": 0.12137549110751308,
        "sd": 0.14145333708404345
      },
      "label": "xi=64.0"
    }
  },
  "beta": {
    "0.9": {
      "in_regime_MSE": {
        "mean": 0.03006211558634761,
        "sd": 0.02702272189196996
      },
      "worst_do_MSE": {
        "mean": 0.08276140725570139,
        "sd": 0.070875874417506
      },
      "label": "beta=0.9"
    },
    "0.95": {
      "in_regime_MSE": {
        "mean": 0.032748736033786904,
        "sd": 0.028311124270945662
      },
      "worst_do_MSE": {
        "mean": 0.08233921987173672,
        "sd": 0.07243788269884367
      },
      "label": "beta=0.95"
    },
    "0.98": {
      "in_regime_MSE": {
        "mean": 0.03533526898644508,
        "sd": 0.029662246717480637
      },
      "worst_do_MSE": {
        "mean": 0.07985627856566171,
        "sd": 0.07471060062550337
      },
      "label": "beta=0.98"
    },
    "0.99": {
      "in_regime_MSE": {
        "mean": 0.03646217312483073,
        "sd": 0.030244682448326968
      },
      "worst_do_MSE": {
        "mean": 0.07967347040529921,
        "sd": 0.07949006686582544
      },
      "label": "beta=0.99"
    },
    "0.995": {
      "in_regime_MSE": {
        "mean": 0.03708685676389075,
        "sd": 0.03041932792587094
      },
      "worst_do_MSE": {
        "mean": 0.06987706807982566,
        "sd": 0.05757216359625237
      },
      "label": "beta=0.995"
    }
  },
  "components": {
    "OARF (full)": {
      "in_regime_MSE": {
        "mean": 0.03533526898644508,
        "sd": 0.029662246717480637
      },
      "worst_do_MSE": {
        "mean": 0.07985627856566171,
        "sd": 0.07471060062550337
      },
      "label": "OARF (full)"
    },
    "no centring": {
      "in_regime_MSE": {
        "mean": 0.04347761999527784,
        "sd": 0.03700001508934013
      },
      "worst_do_MSE": {
        "mean": 0.08086018246826358,
        "sd": 0.06937358434129724
      },
      "label": "no centring"
    },
    "no AdaGrad": {
      "in_regime_MSE": {
        "mean": 0.0952265984843633,
        "sd": 0.2116256048308667
      },
      "worst_do_MSE": {
        "mean": 0.14483197947160298,
        "sd": 0.1672481543133304
      },
      "label": "no AdaGrad"
    },
    "xi=0 (OGD)": {
      "in_regime_MSE": {
        "mean": 0.0266198171289156,
        "sd": 0.024516273463412376
      },
      "worst_do_MSE": {
        "mean": 0.22614595491534564,
        "sd": 0.26123140984751636
      },
      "label": "xi=0 (OGD)"
    },
    "random channel": {
      "in_regime_MSE": {
        "mean": 0.032060861672689345,
        "sd": 0.024927637084862928
      },
      "worst_do_MSE": {
        "mean": 0.3767703790875707,
        "sd": 0.5862227655302997
      },
      "label": "random channel"
    }
  },
  "channel": {
    "true channel": {
      "in_regime_MSE": {
        "mean": 0.03533526898644508,
        "sd": 0.029662246717480637
      },
      "worst_do_MSE": {
        "mean": 0.07985627856566171,
        "sd": 0.07471060062550337
      },
      "label": "true channel"
    },
    "random channel": {
      "in_regime_MSE": {
        "mean": 0.032060861672689345,
        "sd": 0.024927637084862928
      },
      "worst_do_MSE": {
        "mean": 0.3767703790875707,
        "sd": 0.5862227655302997
      },
      "label": "random channel"
    },
    "learned (OARF-CD)": {
      "in_regime_MSE": {
        "mean": 0.032514499812120505,
        "sd": 0.02506042084523568
      },
      "worst_do_MSE": {
        "mean": 0.3030483393322674,
        "sd": 0.6696989902136482
      },
      "alignment": {
        "mean": 0.8431446195211372,
        "sd": 0.16826638336143393
      },
      "label": "learned (OARF-CD)"
    }
  },
  "channel_q": {
    "1": {
      "in_regime_MSE": {
        "mean": 0.030717570327051028,
        "sd": 0.0247869086554258
      },
      "worst_do_MSE": {
        "mean": 0.3291584719236378,
        "sd": 0.6766748873612373
      },
      "alignment": {
        "mean": 0.7891090867102157,
        "sd": 0.21287889287329811
      },
      "label": "q=1"
    },
    "2": {
      "in_regime_MSE": {
        "mean": 0.032514499812120505,
        "sd": 0.02506042084523568
      },
      "worst_do_MSE": {
        "mean": 0.3030483393322674,
        "sd": 0.6696989902136482
      },
      "alignment": {
        "mean": 0.8431446195211372,
        "sd": 0.16826638336143393
      },
      "label": "q=2"
    },
    "3": {
      "in_regime_MSE": {
        "mean": 0.033181852851439084,
        "sd": 0.02547624780059428
      },
      "worst_do_MSE": {
        "mean": 0.2650607370661284,
        "sd": 0.6000170999088403
      },
      "alignment": {
        "mean": 0.8761062294266655,
        "sd": 0.1448589488102541
      },
      "label": "q=3"
    },
    "4": {
      "in_regime_MSE": {
        "mean": 0.03268060039205358,
        "sd": 0.025093215162852223
      },
      "worst_do_MSE": {
        "mean": 0.26070602225327955,
        "sd": 0.6122170873640383
      },
      "alignment": {
        "mean": 0.8969313383391548,
        "sd": 0.1256131185574045
      },
      "label": "q=4"
    }
  }
}