{
  "config": {
    "seeds": 8,
    "T": 8000
  },
  "xi": {
    "0.0": {
      "in_regime_MSE": {
        "mean": 0.020841698493350956,
        "sd": 0.015028681308104298
      },
      "worst_do_MSE": {
        "mean": 0.18804553240484484,
        "sd": 0.1843110669877786
      },
      "label": "xi=0.0"
    },
    "0.5": {
      "in_regime_MSE": {
        "mean": 0.020734001956729087,
        "sd": 0.015011763341569364
      },
      "worst_do_MSE": {
        "mean": 0.11022141553402844,
        "sd": 0.1043043192713165
      },
      "label": "xi=0.5"
    },
    "1.0": {
      "in_regime_MSE": {
        "mean": 0.02156657438937362,
        "sd": 0.015702930240938117
      },
      "worst_do_MSE": {
        "mean": 0.09373655538946468,
        "sd": 0.08716881159960813
      },
      "label": "xi=1.0"
    },
    "2.0": {
      "in_regime_MSE": {
        "mean": 0.024013304100683776,
        "sd": 0.01764016643275716
      },
      "worst_do_MSE": {
        "mean": 0.08943530636406953,
        "sd": 0.07926478545105459
      },
      "label": "xi=2.0"
    },
    "4.0": {
      "in_regime_MSE": {
        "mean": 0.02925837219883441,
        "sd": 0.022225484858996093
      },
      "worst_do_MSE": {
        "mean": 0.09453494152028846,
        "sd": 0.08252244554623177
      },
      "label": "xi=4.0"
    },
    "8.0": {
      "in_regime_MSE": {
        "mean": 0.037448767559326926,
        "sd": 0.029558023703284243
      },
      "worst_do_MSE": {
        "mean": 0.10770670828734975,
        "sd": 0.09869068043254298
      },
      "label": "xi=8.0"
    },
    "16.0": {
      "in_regime_MSE": {
        "mean": 0.046654940014457094,
        "sd": 0.03722074246888821
      },
      "worst_do_MSE": {
        "mean": 0.12612468192208937,
        "sd": 0.12357090182198087
      },
      "label": "xi=16.0"
    },
    "32.0": {
      "in_regime_MSE": {
        "mean": 0.054797052818337105,
        "sd": 0.04307037980778862
      },
      "worst_do_MSE": {
        "mean": 0.14710565087525068,
        "sd": 0.15364766844175493
      },
      "label": "xi=32.0"
    },
    "64.0": {
      "in_regime_MSE": {
        "mean": 0.06109339988131931,
        "sd": 0.04674069018490156
      },
      "worst_do_MSE": {
        "mean": 0.16681107821107521,
        "sd": 0.18133145969212355
      },
      "label": "xi=64.0"
    }
  },
  "beta": {
    "0.9": {
      "in_regime_MSE": {
        "mean": 0.025829186454219506,
        "sd": 0.018902861511796088
      },
      "worst_do_MSE": {
        "mean": 0.09328424078018002,
        "sd": 0.08225504483309463
      },
      "label": "beta=0.9"
    },
    "0.95": {
      "in_regime_MSE": {
        "mean": 0.029842633291331053,
        "sd": 0.022557964180126754
      },
      "worst_do_MSE": {
        "mean": 0.09700560129878098,
        "sd": 0.0871834405263046
      },
      "label": "beta=0.95"
    },
    "0.98": {
      "in_regime_MSE": {
        "mean": 0.03378090612911569,
        "sd": 0.026301998320635334
      },
      "worst_do_MSE": {
        "mean": 0.10137919393790445,
        "sd": 0.0907203281539199
      },
      "label": "beta=0.98"
    },
    "0.99": {
      "in_regime_MSE": {
        "mean": 0.035553218941922496,
        "sd": 0.02803070425942921
      },
      "worst_do_MSE": {
        "mean": 0.10633386025662894,
        "sd": 0.09686544463331982
      },
      "label": "beta=0.99"
    },
    "0.995": {
      "in_regime_MSE": {
        "mean": 0.036498279798038255,
        "sd": 0.028837592992820953
      },
      "worst_do_MSE": {
        "mean": 0.08360942113684341,
        "sd": 0.06582121531513481
      },
      "label": "beta=0.995"
    }
  },
  "components": {
    "OARF (full)": {
      "in_regime_MSE": {
        "mean": 0.03378090612911569,
        "sd": 0.026301998320635334
      },
      "worst_do_MSE": {
        "mean": 0.10137919393790445,
        "sd": 0.0907203281539199
      },
      "label": "OARF (full)"
    },
    "no centring": {
      "in_regime_MSE": {
        "mean": 0.045474712041145185,
        "sd": 0.0418593650941576
      },
      "worst_do_MSE": {
        "mean": 0.09704519527511277,
        "sd": 0.08553489658968048
      },
      "label": "no centring"
    },
    "no AdaGrad": {
      "in_regime_MSE": {
        "mean": 0.1432716061644933,
        "sd": 0.2877735876764157
      },
      "worst_do_MSE": {
        "mean": 0.15036816586989113,
        "sd": 0.16280232097492786
      },
      "label": "no AdaGrad"
    },
    "xi=0 (OGD)": {
      "in_regime_MSE": {
        "mean": 0.020841698493350956,
        "sd": 0.015028681308104298
      },
      "worst_do_MSE": {
        "mean": 0.18804553240484484,
        "sd": 0.1843110669877786
      },
      "label": "xi=0 (OGD)"
    },
    "random channel": {
      "in_regime_MSE": {
        "mean": 0.028596568253714892,
        "sd": 0.01645768407181001
      },
      "worst_do_MSE": {
        "mean": 0.3320102233613569,
        "sd": 0.28602679683653776
      },
      "label": "random channel"
    }
  },
  "channel": {
    "true channel": {
      "in_regime_MSE": {
        "mean": 0.03378090612911569,
        "sd": 0.026301998320635334
      },
      "worst_do_MSE": {
        "mean": 0.10137919393790445,
        "sd": 0.0907203281539199
      },
      "label": "true channel"
    },
    "random channel": {
      "in_regime_MSE": {
        "mean": 0.028596568253714892,
        "sd": 0.01645768407181001
      },
      "worst_do_MSE": {
        "mean": 0.3320102233613569,
        "sd": 0.28602679683653776
      },
      "label": "random channel"
    },
    "learned (OARF-CD)": {
      "in_regime_MSE": {
        "mean": 0.028937270384407986,
        "sd": 0.016614705787258485
      },
      "worst_do_MSE": {
        "mean": 0.1851060962685297,
        "sd": 0.22066601216016768
      },
      "alignment": {
        "mean": 0.8679513631311597,
        "sd": 0.14829998710165715
      },
      "label": "learned (OARF-CD)"
    }
  },
  "channel_q": {
    "1": {
      "in_regime_MSE": {
        "mean": 0.025879118426311225,
        "sd": 0.016621885738196694
      },
      "worst_do_MSE": {
        "mean": 0.19937945820604897,
        "sd": 0.21066462515849782
      },
      "alignment": {
        "mean": 0.7978560800907941,
        "sd": 0.2629025763617347
      },
      "label": "q=1"
    },
    "2": {
      "in_regime_MSE": {
        "mean": 0.028937270384407986,
        "sd": 0.016614705787258485
      },
      "worst_do_MSE": {
        "mean": 0.1851060962685297,
        "sd": 0.22066601216016768
      },
      "alignment": {
        "mean": 0.8679513631311597,
        "sd": 0.14829998710165715
      },
      "label": "q=2"
    },
    "3": {
      "in_regime_MSE": {
        "mean": 0.029706858856988788,
        "sd": 0.018627796748286858
      },
      "worst_do_MSE": {
        "mean": 0.14018605447913923,
        "sd": 0.11867808476618172
      },
      "alignment": {
        "mean": 0.9057830882305387,
        "sd": 0.10389364809362053
      },
      "label": "q=3"
    },
    "4": {
      "in_regime_MSE": {
        "mean": 0.02911861814078852,
        "sd": 0.01741519382977607
      },
      "worst_do_MSE": {
        "mean": 0.13721579947334211,
        "sd": 0.11655472097988813
      },
      "alignment": {
        "mean": 0.9113032441171763,
        "sd": 0.10052777084741005
      },
      "label": "q=4"
    }
  }
}