{
  "config": {
    "seeds": 12,
    "T": 8000
  },
  "methods": {
    "AdaGrad": {
      "in_regime_MSE": {
        "median": 0.027675350936723776,
        "mean": 0.03926129023249395,
        "q25": 0.017638137515794794,
        "q75": 0.044436504221573116
      },
      "worst_do_MSE": {
        "median": 0.05185412629929598,
        "mean": 0.08561408727329739,
        "q25": 0.03048175718873067,
        "q75": 0.11356805281989102
      }
    },
    "Ader": {
      "in_regime_MSE": {
        "median": 0.030125437892967184,
        "mean": 0.04644607739245459,
        "q25": 0.01693292575340669,
        "q75": 0.06560977715792587
      },
      "worst_do_MSE": {
        "median": 0.07330639819710538,
        "mean": 0.12561051148048571,
        "q25": 0.025932629870759213,
        "q75": 0.1415827402374358
      }
    },
    "OGD": {
      "in_regime_MSE": {
        "median": 0.01874194287674632,
        "mean": 0.028789436687082993,
        "q25": 0.010209794501197312,
        "q75": 0.03520800641476497
      },
      "worst_do_MSE": {
        "median": 0.14312006004082964,
        "mean": 0.27793310724399173,
        "q25": 0.06483142061238013,
        "q75": 0.35318602558568846
      }
    }
  },
  "rank_corr_worst_do": 0.8041958041958043
}