{
  "config": {
    "seeds": 8,
    "T": 8000
  },
  "scenarios": {
    "clean": {
      "OARF": {
        "mean": 0.04483382493869599,
        "median": 0.02148369110108726,
        "sd": 0.047605674338242414
      },
      "OARF-CD": {
        "mean": 0.1521672775834852,
        "median": 0.03290191295644654,
        "sd": 0.3008205434960373
      },
      "OGD": {
        "mean": 0.16445916753168008,
        "median": 0.051314078967303695,
        "sd": 0.22184847682358913
      }
    },
    "parents": {
      "OARF": {
        "mean": 0.07153053236434083,
        "median": 0.01778231644843398,
        "sd": 0.14521825322707593
      },
      "OARF-CD": {
        "mean": 0.10360284109909146,
        "median": 0.016222182186606267,
        "sd": 0.22498045174210496
      },
      "OGD": {
        "mean": 0.08681718431919744,
        "median": 0.047182461379072296,
        "sd": 0.12610876798166865
      }
    },
    "unobserved": {
      "OARF": {
        "mean": 0.10594357755380915,
        "median": 0.023817315828847396,
        "sd": 0.17685091020859303
      },
      "OARF-CD": {
        "mean": 0.3001398744334919,
        "median": 0.04004412515950256,
        "sd": 0.6512879361582722
      },
      "OGD": {
        "mean": 0.315243245039106,
        "median": 0.04819659766230218,
        "sd": 0.5981470831928508
      }
    },
    "mechanism": {
      "OARF": {
        "mean": 2.5515182646854964,
        "median": 1.298808036447841,
        "sd": 3.0090260461089433
      },
      "OARF-CD": {
        "mean": 2.4146411225622684,
        "median": 1.2384091664705377,
        "sd": 2.639608206053712
      },
      "OGD": {
        "mean": 1.3070725715782348,
        "median": 1.020401936005177,
        "sd": 1.3392722610342043
      }
    },
    "proxy": {
      "OARF": {
        "mean": 0.1206637367203254,
        "median": 0.04377573625703739,
        "sd": 0.15503566176469646
      },
      "OARF-CD": {
        "mean": 0.18364276085618353,
        "median": 0.057695528818961894,
        "sd": 0.2771627359458351
      },
      "OGD": {
        "mean": 0.17768390115365695,
        "median": 0.06533473952211594,
        "sd": 0.2252489511026631
      }
    },
    "variance": {
      "OARF": {
        "mean": 0.04645001478682198,
        "median": 0.0458969321008515,
        "sd": 0.028831109309232678
      },
      "OARF-CD": {
        "mean": 0.1993037150405129,
        "median": 0.0399257366997338,
        "sd": 0.4347825369512535
      },
      "OGD": {
        "mean": 0.06648369509375882,
        "median": 0.024658761378346928,
        "sd": 0.09967086876393226
      }
    }
  }
}