{
  "config": {
    "seeds": 8,
    "T": 8000
  },
  "noise_levels": [
    0.0,
    0.25,
    0.5,
    1.0,
    2.0,
    4.0
  ],
  "angles_deg": [
    0,
    15,
    30,
    45,
    60,
    90
  ],
  "noise": {
    "0.0": {
      "OARF": {
        "mean": 0.08873756409139669,
        "sd": 0.0686561475381463
      },
      "OARF-CD": {
        "mean": 0.1680734476685537,
        "sd": 0.19550905500638094
      },
      "OGD": {
        "mean": 0.1873926985396954,
        "sd": 0.17506667793152983
      }
    },
    "0.25": {
      "OARF": {
        "mean": 0.09766174069845818,
        "sd": 0.0770934355152728
      },
      "OARF-CD": {
        "mean": 0.1774042135755553,
        "sd": 0.2014704419625603
      },
      "OGD": {
        "mean": 0.1873926985396954,
        "sd": 0.17506667793152983
      }
    },
    "0.5": {
      "OARF": {
        "mean": 0.12096928288282716,
        "sd": 0.08935283147983732
      },
      "OARF-CD": {
        "mean": 0.22776628345219876,
        "sd": 0.2630958046430438
      },
      "OGD": {
        "mean": 0.1873926985396954,
        "sd": 0.17506667793152983
      }
    },
    "1.0": {
      "OARF": {
        "mean": 0.18200107920702444,
        "sd": 0.15166841741257073
      },
      "OARF-CD": {
        "mean": 0.2755648828757513,
        "sd": 0.2382239222794018
      },
      "OGD": {
        "mean": 0.1873926985396954,
        "sd": 0.17506667793152983
      }
    },
    "2.0": {
      "OARF": {
        "mean": 0.29656171864942005,
        "sd": 0.24690898997862037
      },
      "OARF-CD": {
        "mean": 0.37845698369398006,
        "sd": 0.3265415999727194
      },
      "OGD": {
        "mean": 0.1873926985396954,
        "sd": 0.17506667793152983
      }
    },
    "4.0": {
      "OARF": {
        "mean": 0.3309123034280378,
        "sd": 0.2954292317269494
      },
      "OARF-CD": {
        "mean": 0.3414377415043641,
        "sd": 0.3046654071449695
      },
      "OGD": {
        "mean": 0.1873926985396954,
        "sd": 0.17506667793152983
      }
    }
  },
  "angle": {
    "0": {
      "OARF": {
        "mean": 0.08873756409139658,
        "sd": 0.06865614753814633
      },
      "OGD": {
        "mean": 0.1873926985396954,
        "sd": 0.17506667793152983
      }
    },
    "15": {
      "OARF": {
        "mean": 0.09619724799869431,
        "sd": 0.0794181313512985
      },
      "OGD": {
        "mean": 0.1873926985396954,
        "sd": 0.17506667793152983
      }
    },
    "30": {
      "OARF": {
        "mean": 0.12120212578694335,
        "sd": 0.12325627875476769
      },
      "OGD": {
        "mean": 0.1873926985396954,
        "sd": 0.17506667793152983
      }
    },
    "45": {
      "OARF": {
        "mean": 0.13707362248062793,
        "sd": 0.09627893063061184
      },
      "OGD": {
        "mean": 0.1873926985396954,
        "sd": 0.17506667793152983
      }
    },
    "60": {
      "OARF": {
        "mean": 0.20050887842493637,
        "sd": 0.14365489242857002
      },
      "OGD": {
        "mean": 0.1873926985396954,
        "sd": 0.17506667793152983
      }
    },
    "90": {
      "OARF": {
        "mean": 0.35518118895304157,
        "sd": 0.3192692939447454
      },
      "OGD": {
        "mean": 0.1873926985396954,
        "sd": 0.17506667793152983
      }
    }
  }
}